img_id,anno_image_quality,anno_texts
mcocr_val_145115someq.jpg,0.7776130754740675,"INDUCTIONALIZING|||Tổng tiền:|||195,000"
mcocr_val_145115aikhi.jpg,0.7787668018553545,"INTERNOCONDINATION|||SĐT: 02462968138|||15-08-2020 1933|||Tổng|||24,000"
mcocr_val_145115ulhld.jpg,0.7179909117948087,"VINH QNH 112 Thanh Niên|||Số 112 Thanh Niên, P. Cám Thành|||YnCommerce|||TP. Cảm Phả, Quàng Ninh|||Ngày bán: 10/08/2020 17:33|||TỔNG TIỀN PHẢI T.TOÁN|||108,000"
mcocr_val_145115uojjp.jpg,0.8721605240827479,NHÀ SÁCH GD-TC CẨM PHẢ|||Đo: 212 Đường Trần Phú-Cẩm Phả|||ĐT 0333863328 - Fax 0333863328|||Thời gian:16:57:31 - 14/08/2020|||Tổng số thanh toán:|||30.000đ
mcocr_val_145115yomdk.jpg,0.5848191888746728,"VM4 QNH Dự án quỹ đất đường sắt|||DA QĐ dọc tuyến ĐS Tổ 3 Khu 2|||Vincommerce|||P. Câm Sơn, TP. Cảm Phà, T. ON|||Ngày bán: 15/08/2020 10:27|||TỔNG TIỀN PHẢI T.TOÁN|||39,900"
mcocr_val_145115ybbns.jpg,0.9544609370752872,"VM - QNH TỔ 7, KHU MINH TIẾN A|||Tổ 7, Khu Minh Tiến A|||Vincommerce|||P. Cảm Bình, TP. Cảm Phả, QNH|||Ngày bán: 14/08/2020 11:54|||TỔNG TIỀN PHẢI T.TOÁN|||8,800"
mcocr_val_145115ialuk.jpg,0.7200117303686462,"VM QUNG 1900 Tràn Phú|||Số 590 Trản Phú, P. Cảm Thủy|||Vincommerce|||TP. Cảm Phà, Quảng Ninh|||Ngày bán: 15/08/2020 10:09|||TỔNG TIỀN PHẢI T.TOÁN|||214,836"
mcocr_val_145115vmgii.jpg,0.7399418216271749,"NGÀNH 1060-1062 Trân Phu|||sả 1060-1002 Đường Tran Pha|||TP Càm Phả, Quảng Ninh|||VinCommerce|||Ngày bán: 15/08/2020 09:51"
mcocr_val_145115bwind.jpg,0.8341029894684514,off|||8|||3
mcocr_val_145115bgjwm.jpg,0.7317248862182288,"Basses|||Đ/(A Id): TMO2 N03T5 Khu Đoàn Ngoại Giao, P Xuân Tào|||Tổng giá trị tr:|||01/08/2020|||199,000"
mcocr_val_145115eugvg.jpg,0.8893912629793825,NHÀ SÁCH GI-TC CẨM PHẢ|||Đo: 212 Đường Trần Phú-Cầm Phả|||DT 0333303328 - Fax 0333803328|||Tổng số thanh toán.|||72.000đ
mcocr_val_145115bsuyk.jpg,0.6277928430103232,"INTURIANTING|||Tổng cộng:|||87,000"
mcocr_val_145115jdexd.jpg,0.8459279245685245,"MINIMART ANAN|||Tổng tiền:|||172,002"
mcocr_val_145114lxzmm.jpg,0.5942940698721214,"MINIMART ANAN|||Chợ Sủi Phú Thị Gia Làm|||Tổng cộng:|||40,000"
mcocr_val_145115zadxu.jpg,0.9444750723734288,MINIMARTANAN|||Chợ Sủi Phú Thị Gia Lâm|||Tổng số:|||120
mcocr_val_145115aqmhw.jpg,0.7144821895058405,"Minh Ca Ti Khu Minh Tiến Anh|||177, vu trinh Tiến A|||Uncommerce|||P. Côm Bình Tr Cầm Kma, Canh|||Ngày: 12/08/2020"
mcocr_val_145115kkuee.jpg,0.867367217156202,"error|||Ngay: 19/09/2019|||Tong so tien thanh toan:|||32,200,00"
mcocr_val_145115wcgjk.jpg,0.529606114577289,"VI MI HI VINH TỔ 8 Khu 38 Cầm Trung|||Tổ 8, Khu 3B, P. Cầm Trung|||Vincommerce|||TP. Cầm Phả, T. Quảng Ninh|||Ngày bán: 13/08/2020 15:10|||TỔNG TIỀN PHẢI T.TOÁN|||66,900"
mcocr_val_145115kebds.jpg,0.5854795184388362,"MINIMART ANAN|||Chợ Sủi Phú Thị Gia Lâm|||Tổng tiền:|||52,000"
mcocr_val_145115nhuhq.jpg,0.6994525710331663,"MINIMART ANAN|||Chợ Sủi Phú Thị Gia Lâm|||Tổng cộng:|||140,500"
mcocr_val_145115krtft.jpg,0.6244477043304475,SUMMINIMARIANS|||0010000001000
mcocr_val_145115uuxjk.jpg,0.9334736958070873,"INTERTIONALIZES|||Tổng cộng:|||34,000"
mcocr_val_145115jbayx.jpg,0.8206512427775028,"INTERTINGUALIZED|||Tổng tiền::|||73,000"
mcocr_val_145115sjryb.jpg,0.745778504218313,"MINIMART ANAN|||Chợ Sủi Phú Thị Gia Lâm|||Tổng tiền:|||184,000"
mcocr_val_145115bytlk.jpg,0.8863995473527861,"MINIMART ANAN|||Chợ Sủi Phú Thị Gia Lâm|||Tổng cộng:|||134,000"
mcocr_val_145115werlz.jpg,0.9332424263340457,"INDUCTIONALIZES|||Tổng tiền|||62,000"
mcocr_val_145115sgexd.jpg,0.9760540125456543,"MINIMART ANAN|||Chợ Sủi Phú Thị Gia Lâm|||Tổng cộng|||49,000"
mcocr_val_145115qeimz.jpg,0.8201005471845701,BIDVY|||5156-VINNART|||Linh 10 7 minh tiem a|||08/08/2020|||TỔNG:|||3
mcocr_val_145115ysuvc.jpg,0.7549102290916221,"VM4 QNH TỐ 7, KHU MINH TIÊN Ả|||Tổ 7, Khu Minh Tiên A|||P. Cầm Bình, TP. Cảm Phá, QNH|||UnCommerce|||TỔNG TIỀN Ả GIẢM|||45,400"
mcocr_val_145115aohoe.jpg,0.8857995594071217,"VM ANH 1060-1062 Trần Phú|||Số 1060-1062 Đường Trần Phú|||VinCommerce|||TP. Cảm Phà, Quảng Ninh|||Ngày bán: 15/08/2020 09:38|||TỔNG TIỀN PHẢI T.TOÁN|||113,406"
mcocr_val_145115bdxyc.jpg,0.5322148416165227,"VIN4 ONH TỔ 8 Khu 38 Cảm Trung|||Tổ 8, Khu 38, P. Cảm Trung|||Wincommerce|||TP. Cầm Phà, T. Quang Ninh|||Ngày bán: 13/08/2020 15:58|||TỔNG TIỀN PHẢI T.TOÁN|||12,000"
mcocr_val_145115tkdmm.jpg,0.8259340194834868,"THỨC COFFEE|||22 Quang Trung, P10, Gò Vấp|||Tel:028 3588 3591|||30.03.2019|||Tiền Thanh Toán|||35 000"
mcocr_val_145115tsmlj.jpg,0.5609130305301078,"KAITEA|||Đ.C: SHO8, Tòa K1, The K Park Văn Phú,|||Hà Đông, Hà Nội|||20.09.2019|||Tiền Thanh Toán:|||102 850"
mcocr_val_145115qcwkl.jpg,0.6120838848212475,"MINIMART ANAN|||Chợ Sủi Phủ Thị Gia Lâm|||Tổng cộng:|||708,400"
mcocr_val_145115krlcq.jpg,0.5989018966661699,"Tiệm và|||244/23a Huỳnh Văn Bánh, P.11, Q.PN|||Tel:0888212505|||30.09.2020 20.10|||Tổng tiền (VAT):|||87 300"
mcocr_val_145115kedic.jpg,0.6180512798649205,E|||8|||5
mcocr_val_145115xkwvm.jpg,0.6615573172110254,"Vinhart VINCOM SKYLAKE|||11TTM Vincom Plaza Skylake|||Mộ Đình 1.0.Nam Tử Liêm, HN|||TỔNG TIỀN Ả GIẢM|||99,232"
mcocr_val_145115vfxzi.jpg,0.5726319556339885,"VM HOM 793 Nguyễn Kiệm|||VM HOM 793 Nguyễn Kiệm|||793 Nguyễn Kiệm, Phường 3,|||Vincommerce|||TỔNG TIỀN PHẢI T.TOĂN|||28,200"
mcocr_val_145115mphkz.jpg,0.9154568860561226,"Tiêm trà|||244/23a Huỳnh Văn Bánh, P.11, Q.PN|||Tel:0888212505|||04.10.2020 21.57|||Tổng tiền (VAT):|||2 000"
mcocr_val_145115scgbd.jpg,0.9133189720617952,"VIN4 ONH 1080-1082 Trần Phú|||Số 1060-1082 Đường Trần Phú|||Mincommerce|||TP. Cầm Phá, Quảng Ninh|||Ngày bán: 14/08/2020 07:35|||TỔNG TIỀN PHẢI T.TOÁN|||136,500"
mcocr_val_145115iygtq.jpg,0.6604152063701643,"VINH QNH 86 Trần Phú|||Số 86 Đường Trần Phú, P. Cảm Tây|||Vincommerce|||TP Cầm Phả, T. Quảng Ninh|||Ngày bán: 09/08/2020 05:59|||TỔNG TIỀN PHẢI T.TOÁN|||30,000"
mcocr_val_145115zjwco.jpg,0.9524605065894928,"VI44 CNH TÔ 7, KHU MINH TIẾN A|||Tổ 7, Khu Minh Tiến A|||Vincommerce|||P. Cầm Bình, TP. Cầm Pha, Chin|||Ngày bán: 15/08/2020 11:21|||TỔNG TIỀN PHẢI T.TOÁN|||44,200"
mcocr_val_145115emzeo.jpg,0.54653232660359,"Tiêm xã|||244/23a Huỳnh Văn Bánh, P.11, Q.PN|||Pass Wifi: thanhxuan|||Tel:0888212505|||04.10.2020 16.47|||Tổng tiền (VAT):|||39 000"
mcocr_val_145115raftw.jpg,0.9361616370051258,LETTED|||8
mcocr_val_145115xzovf.jpg,0.7492839865436322,"VINH 1080-1062 Trần Phú|||Số 1080-1082 Đường Trần Phú|||TP. Câm Phá, Quáng Ninh|||Vincommerce|||Ngày bán: 13/08/2020 19:15|||TỔNG TIỀN PHẢI T.TOÁN|||13,000"
mcocr_val_145115amgir.jpg,0.8365555019759499,NHÀ SÁCH GD-TC CẨM PHẢ|||Đó 212 Đường Trần Phú-Cẩm Phả|||ĐT 0333363328-- Fax 0333863328|||Thời gian:18:38:21 - 14/08/2020|||Tổng số thanh toán:|||160.000đ
mcocr_val_145115hswrm.jpg,0.848237723363223,"VM ANH 690 Trần Phú|||Số 690 Trần Phú, P. Cảm Thủy|||Vincommerce|||TP. Cẩm Phà, Quảng Ninh|||Ngày bán: 15/08/2020 10:26|||TỔNG TIỀN PHẢI T.TOÁN|||14,900"
mcocr_val_145115cdskc.jpg,0.985659034512157,"VM4 TTTM Chợ Súi|||Số 42 Phố Súi, xã Phú Thị|||huyện Gia Làm, Hà Nội|||Vincommerce|||Ngày bán: 13/08/2020 10:15|||TỔNG TIỀN PHẢI T.TOÁN|||26,400"
mcocr_val_145115islqk.jpg,0.7273213117806472,"VM4 QNH TỔ 8 Khu 3B Cầm Trung|||Tổ 8, Khu 38, P. Cầm Trung|||Mincommerce|||TP. Cầm Phà, T. Quảng Ninh|||Ngày bán: 12/08/2020 15:40|||TỔNG TIỀN PHẢI T.TOÁN|||32,000"
mcocr_val_145115cuzpw.jpg,0.8713214426420716,Pay?on|||ĐỊA CHI SAN MINH MINH DI THỊ ÁN KHU DÂN CƯ LẦN BIỂN|||TỔNG:|||NGÀY HẾT HAN: 2024/12/31|||50.000 Đ
mcocr_val_145115ezcsy.jpg,0.5038645443624572,NHÀ SÁCH GD-TC CẨM PHẢN|||Đo: 212 Đường Trấn Phú-Cẩm Phải|||ĐT 0333863328 - Fax 0333863328|||Thời gian:20:47:43 - 14/08/2020|||Tổng số thanh toán:|||80.000đ
mcocr_val_145115ukrpg.jpg,0.9632867185671212,MINIMART ANAN|||Chợ Sủi Phú Thị Gia Lâm
mcocr_val_145115iszan.jpg,0.5316485376443847,error|||Ngay: 23/09/2019
mcocr_val_145115dtfvf.jpg,0.5761118114965117,"VINT ONH TỔ 7, KHU MINH TIẾN Á|||Wincommerce|||T07, Khu Minh Tiên A|||P. Cầm Bình, TP. Cảm Pha, ONH|||TỔNG TIỀN PHẢI T.TOÁN|||24,800"
mcocr_val_145115elhmv.jpg,0.687828948140611,NHÀ SÁCH GD-TC CẨM PHẢ|||Đo: 212 Đường Trần Phú-Cẩm Phả|||ĐT 0333863328 - Fax 0333863328|||Thời gian:09:30:07 - 15/08/2020|||Tổng số thanh toán:|||71.000đ
mcocr_val_145114qvgii.jpg,0.9748102261753839,"VM4 QNH 690 Trần Phú|||Số 500 Trần Phú, P. Cảm Thủy|||Vincommerce|||TP. Cảm Phả, Quảng Ninh|||Ngày bán: 15/08/2020 08:21|||TỔNG TIỀN PHẢI T.TOÁN|||5,800"
mcocr_val_145115sgzau.jpg,0.8285974467792842,"MINIMARTANAN|||Chợ Sủi Phú Thị Gia Lâm|||Tổng cộng:|||76,000"
mcocr_val_145115eyyqv.jpg,0.7909090936095037,s|||031800000118|||3
mcocr_val_145115monde.jpg,0.82814201779004,"VM4 ONH Dự án quỹ đất đường sắt|||DA QĐ dọc tuyển ĐS Tổ 3 Khu 2|||Wincommerce|||P. Cảm Sơn, TP. Cảm Pha, T. ON|||TỔNG TIỀN Á GIẢM|||267,800"
mcocr_val_145115bwvdo.jpg,0.765910389541777,"MINIMART ANAN|||Chợ Sủi Phú Thị Gia Lâm|||Tổng tiền:|||410,006"
mcocr_val_145114wftok.jpg,0.5510601686168923,"VM - QNH 590 Trần Phú|||Số 590 Tràn Phú, P. Càm Thuy|||TP. Cảm Phà, Quảng Ninh|||VinCommerce|||Ngày bán: 15/08/2020 09:47|||TỔNG TIỀN Ả GIẢM|||24,372"
mcocr_val_145115zuzoa.jpg,0.921845442211491,"MINIMARTANAN|||Tổng cộng:|||51,000"
mcocr_val_145115mrntu.jpg,0.7933888782743607,NHÀ SÁCH GD-TC CẨM PHẢ|||Đo: 212 Đường Trần Phú-Cẩm Phải|||IN ĐT 0333863328 - Fax 0333863328|||Thời gian:10:20:02 - 15/08/2020|||Tổng số thanh toán:|||14.000đ
mcocr_val_145115cgfrz.jpg,0.6774444653319112,"Saigon Co.op|||Ma so thue: 0309129418?115|||Tang 1,5H42 - Toa K3,Cong trinh chung cu|||Ngay: 23/09/2019|||Tong so tien thanh toan:|||38,735,00"
mcocr_val_145115eipsh.jpg,0.6003620875850355,"VIÀ ONH 112 Thanh Nien|||shi thanh niên p. cam thanh|||TP. Căm Phá Quảng Ninh|||Vincommerce|||Ngày bán: 13/08/2020 10:21|||TỔNG TIỀN PHẢI T.TOÁN|||22,200"
mcocr_val_145115ftati.jpg,0.8915970906791442,"CIRCLEKVIETNAM|||14 Ho Tung Mau, Cau Giay Dist Hanoi|||Receipt No: 2015 02 20200813 WYED|||Date: Aug 137 2020 02:17 PM"
mcocr_val_145115nckos.jpg,0.5414200945346205,Payỡo?|||ĐỊA CHỈ 1.2 11 11 191011212 1560-1062 TRẦN PHÚ P.C|||TỔNG:|||NGÀY HẾT HẠN: 2021/12/11|||100.000 Đ
mcocr_val_145115pnsfe.jpg,0.9472341571160489,"VIN4 ONH TÓ 7, KHU MINH TIẾN A|||Tô 7, Khu Minh Tiến A|||UnCommerced|||P. Cầm Bình, TP. Gầm Pha, ONH|||TỔNG TIỀN PHẢI T.TOÁN|||192,600"
mcocr_val_145115gkyoe.jpg,0.7008952884770426,INTERSTATIONALIZE|||8
mcocr_val_145115zcwxo.jpg,0.9609824326459055,"VI44 ONH TÔ 1, KHU HOA TINH A|||167, Khu Hinh Tiên A|||Vincommerce|||Ngày bán: 13/08/2020 19:29|||TỔNG TIỀN PHẢI T.TOÁN|||11,755"
mcocr_val_145115oaaeo.jpg,0.9349960535520635,"MINIMARTANAN|||Chợ Sủi Phú Thị Gia Lâm|||Tổng cộng|||79,000"
mcocr_val_145115jagxw.jpg,0.8837950860031598,"MINIMART ANAN|||Chợ Sủi Phú Thị Gia Làm|||Tổng cộng|||62,000"
mcocr_val_145115mdpas.jpg,0.7117155495622302,"VINH CNH 88 Trần Phú|||Só 36 Đường Tràn Phú, P. Cầm Tây|||VinCommerce|||TP Cam Pha, T. Quảng Ninh|||TỔNG TIỀN PHẢI T.TOÁN|||44,000"
mcocr_val_145115qtitz.jpg,0.819463107685757,"CỬA HÀNG NĂM OÁNH|||Thôn Phú Thuy, Xã Phú Thị, Huyện Gia Lâm, TP Hà Nội|||0869322496-02438765210|||Ngày: 10-08-2020|||Cộng tiền hàng|||12,000"
mcocr_val_145115nqhvx.jpg,0.6718110411287956,"MINIMART ANAN|||Chợ Sủi Phú Thị Gia Lâm|||Tổng cộng:|||82,000"
mcocr_val_145115vjwwo.jpg,0.6356959729542924,"VM4 QNH Dự án KDC lấn biến coc 6|||DA Khu DCLB cọc 8, P. Cảm Sơn|||Vincommerce|||TP. Câm Phá, T. Quảng Ninh|||Ngày bán: 14/08/2020 16:52|||TỔNG TIỀN PHẢI T.TOÁN|||49,500"
mcocr_val_145115lwwhx.jpg,0.7226251621381976,"BOSEBRE|||21 Hai Ba Trung, Hang Ba , Hokehousen, Ha Noi,|||14/08/2020|||Sub total|||135,000"
mcocr_val_145115lituc.jpg,0.8118869217717116,"VINH ONH 85 Trần Phúc|||Só 35 Đường Trần Phú, P. Câm 13|||Vincommerce|||TP Càm Pha, T. Quảng Ninh"
mcocr_val_145115dmols.jpg,0.8311120641256018,"MINIMARTANAN|||Chợ Sủi Phú Thị Gia Lâm|||Tổng cộng|||144,000"
mcocr_val_145114unyae.jpg,0.6114767910737153,Error
mcocr_val_145115ntmdi.jpg,0.7003108265327598,"ANTUNIMATIONS|||Tổng tiền|||60,000"
mcocr_val_145115qmbgs.jpg,0.9171788760337407,Mo cáo 4|||munimun|||1010104010404-007
mcocr_val_145115jmtuc.jpg,0.5370080396873006,"PHÔ MÔ|||Tổ 7 khu Tân Lập 4 - P.Cẩm Thủy Nham|||Tp. Cẩm Phả - Quảng Ninh|||ĐT: 0858.931.931|||13/08/2020 - 21:61|||Cộng tiền hàng:|||155,000"
mcocr_val_145115fkewb.jpg,0.7019150469476706,MINIMART ANAN|||Chợ Sủi Phú Thị Gia Lâm|||Tổng số:|||24
mcocr_val_145115stiwj.jpg,0.8540887957717693,NHÀ SÁCH GD-TC CẨM PHẢ|||ĐC: 212 Đường Trần Phú-Cẩm Phả|||ĐT 0333363328 - Fax 0333863328|||Thời gian:10:11:01 - 11/08/2020|||Tổng số thanh toán:|||17.000đ
mcocr_val_145115bbyzp.jpg,0.5055075453776248,"MINIMARTANAN|||Chợ Sủi Phú Thị Gia Lâm|||Tổng cộng:|||230,000"
mcocr_val_145115yjvrv.jpg,0.5015828448156066,"INTURIATIONS|||0010000000000000000|||001000000000100|||0010000001001000|||27/03/2019|||Tổng tiền chiết kháu|||29,000,00"
mcocr_val_145115uqztj.jpg,0.9364649745577991,"TRANH THỊ THU MINH THỊ TH|||Th7 Khu Minh Tiên A|||Nguy thu tinh Bình TP. Cầm Pha, Khi Thuy"
mcocr_val_145115fcnxy.jpg,0.7224487744391008,"VIST ONH TÓ 7, KHU MINH TIẾN A|||Tô 7, Khu Minh Tiến A|||Wincommerce|||P. Cầm Bình, TP. Cảm Pha, Cinh|||TỔNG TIỀN PHẢI T.TOÁN|||543,704"
mcocr_val_145115habiv.jpg,0.5766704801655926,"THỨC COFFEE|||22 Quang Trung, P10, Gò Vấp|||Tel:0283388 3591|||31.03.2019|||Tiền Thanh Toán:|||35 000"
mcocr_val_145115hjimq.jpg,0.5802640420598022,"VM4 QNH 1060-1062 Trần Phú|||Số 1060-1082 Đường Trần Phú|||YnCommerce|||TP. Cầm Phả, Quảng Ninh|||Ngày bán: 15/08/2020 10.56|||TỔNG TIỀN PHẢI T.TOÁN|||49,900"
mcocr_val_145114cijwj.jpg,0.8959460713314101,"MINIMART ANAN|||Chợ Sủi Phú Thị Gia Lâm|||Tổng tiền:|||56,000"
mcocr_val_145115qfmdv.jpg,0.8945260912666295,"VM - ONH 1060-1082 Trần Phú|||Số 1080-1062 Đường Trần Phú|||VinCommerce|||TP. Câm Phả, Quảng Ninh|||Ngãy: 13/08/2020"
mcocr_val_145114clhnm.jpg,0.6701679581727698,"0011000000000000000|||INTERTINGUALIZING|||Số: SONS5501|||Ngày: 11-08-2020|||Cộng tiền hàng|||90,000"
mcocr_val_145115wfsce.jpg,0.8104999793724453,"PHÔ MỎ|||Tổ 7 khu Tân Lập 4 PhCầm Thủy - Thuy Thuy Thuy Thuy|||Tp. Cẩm Phá - Quảng Ninh|||ĐT: 0858 931.931|||11/08/2020 - 18: 29|||Cộng tiền hàng:|||40,000"
mcocr_val_145114vuumj.jpg,0.7305276427996584,"VINH ONH TÔ B NHI S8 CẢM TRUNG|||TRANG THU THI THU NGUY|||TỔNG TIỀN PHẢI T.TOÁN|||49,700"
mcocr_val_145115klmhe.jpg,0.8364881152133963,"VM 1 ONH TỐ 7, KHU MINH TIẾN A|||Tô 7, Khu Minh Tiến A|||Vincommerce|||P. Cầm Bình, TP. Cảm Phá, ONH|||TỔNG TIỀN PHẢI T.TOÁN|||5,000"
mcocr_val_145114qwedt.jpg,0.6311506051380524,"VM ANH 690 Trần Phú|||Só 690 Trần Phủ, P. Cảm Thuy|||UnCommerce|||TP. Cầm Phà, Quảng Ninh|||Ngày bán: 15/08/2020 10:43|||TỔNG TIỀN PHẢI T.TOÁN|||12,000"
mcocr_val_145115ucoum.jpg,0.7803393171939732,"VINH ONH TÔ 7, KHU MÌNH TIẾN A|||707, Khu Minh Tiền A|||Vincommerce|||P. Cầm Bình, TP Cầm Phu, Canh|||Ngày bản: 13/08/2020 16:56|||TỔNG TIỀN PHẢI T.TOÁN|||53,400"
mcocr_val_145115zpaiz.jpg,0.9373600097247476,"VM ANH 690 Trần Phú|||Số 590 Trần Phú, P, Cảm Thủy|||Vincommerce|||TP. Cảm Phả, Quảng Ninh|||Ngày bán: 15/08/2020 06:25|||TỔNG TIỀN PHẢI T.TOÁN|||25,600"
mcocr_val_145115jsyyl.jpg,0.7924416005695853,THE COFFEE HOUSE|||UDIC Complex - N04 Hoàng Đạo Thuy|||Delivery: 1800 6936|||Hotline: 02871087 088|||Thời gian: 14.08.2020 10.24 Số HĐ 110308024872020|||Thành tiền:|||328 000
mcocr_val_145115mxpds.jpg,0.8141684236541082,"VIN4 QNH 86 Trần Phú|||Số 86 Đường Trần Phú, P. Cảm Tây|||Vincommerce|||TP Cảm Phà, T. Quảng Ninh|||TỔNG TIỀN Ã GIẢM|||24,000"
mcocr_val_145114babwd.jpg,0.7370806373555517,"VINH ONH 112 Thanh Niên|||Só 112 Thanh Niên, P. Cảm Thành|||Wincommerce|||TP. Cảm Phả, Quảng Ninh|||TỔNG TIỀN PHẢI T.TOÁN|||154,100"
mcocr_val_145115auaqs.jpg,0.6083333787177982,Pay?on|||Ngày: 08.08/2020
mcocr_val_145115okmoj.jpg,0.744324550964123,SCTC CÔ THỎ 104 TRẦN PHÚ - CĂM|||PHẢ|||phường Cấm Tây - Thành phố Cấm|||104 Trần Phú|||Ngày: 09/08/2020 (07:44 ch - 07:44 ch)|||Tổng thanh toán|||115.000đ
mcocr_val_145115ksvgc.jpg,0.996644075255501,"VIN4 ONH 86 Trần Phức|||Số 86 Đường Trần Phú, P. Cam Thy Nha|||TP Cầm Phả, T. Quảng Ninh|||UnCommerce|||Ngày bán: 28/07/2020 17:45|||TỔNG TIỀN Ã GIÁN|||39,900"
mcocr_val_145115lorlh.jpg,0.5194459704092191,z
mcocr_val_145115lwyzw.jpg,0.7082491362782005,"VM - QNH 1060-1062 Trần Phú|||Số 1060-1082 Đường Trần Phú|||TP. Cầm Phả, Quảng Ninh|||Vincommerce"
mcocr_val_145115xldoo.jpg,0.785346178718332,"VM4 QNH TỔ 8 Khu 3B Cảm Trung|||Tổ 8, Khu 3B, P. Cầm Trung|||TP. Câm Phà, T. Quảng Ninh|||Vincommerce|||Ngày bán: 15/08/2020 10:41|||TỔNG TIỀN PHẢI T.TOÁN|||39,000"
mcocr_val_145115gdqix.jpg,0.995565495648688,"Saigon Co.op|||Ma so thue: 0309129418?115|||Tang 1,5H42 ? Toa K3,Cong trinh chung cu|||Ngay: 19/09/2019|||Tong so tien thanh toan:|||32,200,00"
mcocr_val_145115ujvia.jpg,0.8657082964330198,Sai oon Co. PP|||0010000000001000
mcocr_val_145115qxery.jpg,0.5571249973559051,F
mcocr_val_145115cyzle.jpg,0.8388004398011588,"Chợ Sủi Phý Thị Gia Lâm|||Tel:|||Tổng cộng:|||58,000"
mcocr_val_145115ftiyl.jpg,0.822769804002178,"MINIMARTANAN|||Chợ Sủi Phú Thị Gia Lâm|||Tổng tiền:|||177,002"
mcocr_val_145115ljida.jpg,0.5342186052292072,NHÀ SÁCH GD TC CÁM PHÁNG|||Đó 212 Đường Trần Phú-Cẩm Phả|||ĐT 0333863328 - Fax 0333863328|||Thời gian:19:13:53 - 14/08/2020|||Tổng số thanh toán:|||61.000đ
mcocr_val_145115hhgju.jpg,0.9104753876907812,"LahaCafe|||ESTISO:2|||857 Nguyễn Kiên, P3, Qua Vấp|||Thành tiền:|||15 000"
mcocr_val_145114tqkcn.jpg,0.8731644039872912,NHÀ SÁCH GI--CC CẨM PHẢ|||Đ0 212 Đường Trần Phú Cầm Phi|||ĐT 0333863320. Fax 0333863328|||Thời gian:08 29.48. 15/08/2020|||Tổng số thanh toán:|||39 5000
mcocr_val_145115ndmhc.jpg,0.9428192976753622,197 độ8 uốh Voguy Anb uo wyon|||ODO'E|||000'st
mcocr_val_145115gglku.jpg,0.6833165295037011,"CỬA HÀNG NĂM OÁNH|||Thôn Phú Thuy, Xã Phú Thị, Huyện Gia Lâm, TP Hà Nội|||0869322496-02438765210|||Ngày: 11-08-2020|||Cộng tiền hàng|||99,800"
mcocr_val_145114hexkn.jpg,0.5448548792906183,"VIM - ONH 1080-1062 Trần Phú|||Số 1060-1082 Đường Trần Phủ|||TP. Cầm Phà, Quảng Ninh|||VinCommerce|||Ngày bán: 13/08/2020 20:12|||TỔNG TIỀN PHẢI T.TOÁN|||84,000"
mcocr_val_145115yckpl.jpg,0.5740527321647071,"VM4 ONH Dự án KDC lần biển cọc 6|||DA Khu DCLB cọc 6, P. Câm Sơn|||Vincommerce|||TP. Cầm Phà, T. Quảng Ninh|||Ngày bán: 22/08/2020 11:14|||TỔNG TIỀN PHẢI T.TOÁN|||5,100"
mcocr_val_145115uovzj.jpg,0.7266833527051431,"MINIMARTANAN|||Chợ Sủi Phú Thị Gia Lâm|||Tổng tiền:|||148,990"
mcocr_val_145115mxzac.jpg,0.5377347339410332,88|||s|||8
mcocr_val_145115jsatw.jpg,0.8024113583520845,"MINIMART ANAN|||Chợ Sủi Phú Thị Gia Lâm|||Tổng tiền:|||185,000"
mcocr_val_145115vbeyk.jpg,0.7789928734800362,NHÀ SÁCH GD-TC CẨM PHẢ|||Đo: 212 Đường Trần Phú-Cẩm Phả|||OTT0333863328 - Fax 0333863328|||Thời gian:09:42:48 - 11/08/2020|||Tổng số thanh toán:|||79.500đ
mcocr_val_145115wvwpr.jpg,0.5386456005224982,"THE COFFEE HOUSE|||403 Phan Huy Ích, P.14, Q.Gò Vấp|||12|||Thành tiền:|||35 000"
mcocr_val_145115hoxvz.jpg,0.5041415822317249,8|||1|||z
mcocr_val_145115yhois.jpg,0.9789431974645533,"VM NDH 156 Trần Thái Tông|||40 Trần Thái Tông, P. Thông Nha|||TP Nam Đinh, T. Nam Định|||Vincommerce|||Ngày bán: 13/08/2020 10:31|||TỔNG TIỀN PHẢI T.TOÁN|||127,800"
mcocr_val_145115hsphg.jpg,0.6347719440557067,error|||lầu bo gà 1 nguoi
mcocr_val_145115yqgrs.jpg,0.8407566358435803,"error|||Chợ Sủi Phú Thị Gia Lâm|||Tổng tiền|||115,000"
mcocr_val_145115cfwch.jpg,0.7414695450505594,"VINH DNH DỰ ÁN KDC LẤN BIỂN CỌC S|||DA Khu DCLB cọc 8, P. Câm Sơn|||TP. Cảm Pha, T, Quảng Ninh|||Ngày bản: 12/08/2020 16:31|||TỔNG TIỀN PHẢI T.TOÁN|||227,339"
mcocr_val_145115ymgcp.jpg,0.7523179533830536,g|||5|||8-888|||8
mcocr_val_145115gautg.jpg,0.805899008325628,INTERTIONALIZES|||Tổng số:|||33
mcocr_val_145115lxjsb.jpg,0.8230258408794352,"VIN4 ONH TỔ 7, KHU MINH TIẾN A|||Tổ 7, Khu Minh Tiến A|||UnCommerce|||P. Cấm Bình, TP. Cám Phả, QNH|||Ngày bán: 14/08/2020 17:05|||TỔNG TIỀN PHẢI T.TOÁN|||27,500"
mcocr_val_145115ombnw.jpg,0.8343148922824764,"VM Bắc Từ Liêm|||234 Phạm Vàn Đồng, P. Cổ Nhuế|||Q. Bắc Tử Liêm, TP Hà Nội|||Ngày bán: 14/08/2020 20:08"
mcocr_val_145115wlqnc.jpg,0.9796245525741891,"VM HNI Xuân Diệu|||Só 51 Xuân Diệu, P. Quảng An|||Q Tây Hồ, Hà Nội|||TỔNG TIỀN PHẢI T.TOÁN|||870,864"
mcocr_val_145115uxvup.jpg,0.5157505357939606,"MINIMARTANAN|||Chợ Sủi Phú Thị Gia Lâm|||Tổng cộng:|||120,000"
mcocr_val_145115rdued.jpg,0.8048990789586479,"VIA ONH TỔ 7, KHU MINH TIẾN A|||Tô 7, Khu Minh Tiến A|||Vincommerce|||P. Cồm Bình, TP. Cảm Phủ, ONH|||TỔNG TIỀN PHẢI T.TOÁN|||12,200"
mcocr_val_145115alfzq.jpg,0.5022931597162903,"Saigon Co. op|||Ma so thue: 0309129418-115|||Tang 1,5H42 - Toa K3 Cong trinh chung cu|||Noay: 19/09/2019|||Tong so tien thanh toan:|||22,457,00"
mcocr_val_145115jheqn.jpg,0.8172802298048597,"MINIMART ANAN|||Chợ Sủi Phú Thị Gia Lâm|||Tổng cộng:|||245,000"
mcocr_val_145115yxrtp.jpg,0.8171519055948353,"CỬA HÀNG NĂM OÁNH|||Thôn Phú Thuy, Xã Phú Thị, Huyện Gia Lâm, TP Hà Nội|||0869322496 - 02438765210|||Ngày: 12-08-2020|||Cộng tiền hàng|||45,000"
mcocr_val_145115iltth.jpg,0.7471078340375903,"MINIMART ANAN|||Chợ Sủi Phú Thị Gia Lâm|||Tổng tiền:|||295,524"
mcocr_val_145115xttfa.jpg,0.6918852392211476,NHÀ SÁCH GD-TC CẨM PHẢ|||Đó 212 Đường Trần Phú Cầm Pha|||DT 333363328 - Fax 0333863328|||Tổng cộng:|||16
mcocr_val_145114hikwd.jpg,0.8402474200930874,"MINIMART ANAN|||Chợ Sủi Phú Thị Gia Lâm|||Tổng tiền:|||195,000"
mcocr_val_145115tijka.jpg,0.5381329021300414,MINIMART ANAN|||Chợ Sủi Phú Thị Gia Lậm|||Tổng số:|||2
mcocr_val_145115roove.jpg,0.7824062192547723,"VM4 QNH 690 Trần Phú|||1|||Só 590 Trần Phú, P. Cảm Thùy|||Vincommerce|||Ngày bán: 15/08/2020 11:03|||TỔNG TIỀN PHẢI T.TOÁN|||48,000"
mcocr_val_145115ccpwc.jpg,0.9935596499112553,"MINIMART ANAN|||Chợ Sủi Phú Thị Gia Lâm|||Tổng cộng:|||64,000"
mcocr_val_145115vppsd.jpg,0.5540411932124598,"MINIMART ANAN|||Chợ Sủi Phu Thị Gia Lam|||Tổng cộng:|||87,000"
mcocr_val_145115czygu.jpg,0.8678237085512353,"Guitar Cafe|||Tel 29 596 8359|||28 Phan Chu Trinh, Hiệp Phú, Quận 9, Hồ|||Khu vưc: Nhạc|||Ngày lập: 03/10/2020"
mcocr_val_145115jnozb.jpg,0.6242173543885559,"VINT ONH 112 Thanh Niên|||Só 112 Thanh Niên, P. Cám Thành|||Vin Commerce|||TP. Cảm Phá, Quảng Ninh|||Ngày bán: 10/08/2020 06:12|||TỔNG TIỀN PHẢI T.TOÁN|||197,300"
mcocr_val_145115tuidk.jpg,0.9434856134800989,FE|||1
mcocr_val_145115sxwhn.jpg,0.6836320377131461,"error|||Chợ Sủi Phú Thị Gia Lâm|||Tổng tiền|||334,000"
mcocr_val_145115waven.jpg,0.9146940381092268,"Mo câo tri|||1010104010400-007|||voi 10181801001|||ros 001|||tổng tiền|||1,304,736"
mcocr_val_145114xmicn.jpg,0.7220608178454841,"CỬA HÀNG NĂM OÁNH|||Thón Phú Thuy, Xã Phú Thị, Huyện Gia Lâm, TP Hà Nội|||0869322496 - 02438765210|||Ngày: 14-07-2020|||Cộng tiền hàng|||660,000"
mcocr_val_145115cgdhv.jpg,0.5950252234968877,"MINIMARTANAN|||Chợ Sủi Phú Thị Gia Lâm|||Tổng cộng:|||221,000"
mcocr_val_145115eoxbk.jpg,0.9057160890182707,"TIỀN KHÁCH TRẢ|||55.400|||100.000|||55,400"
mcocr_val_145115mqnlc.jpg,0.574338241959804,"PHỐ MÔ|||Tổ 7 khu Tân Lập 4 - P.Cẩm Thủy -|||Tp. Cẩm Phá - Quảng Ninh|||ĐT:0058.931.931|||13/08/2020 - 21:52|||Cộng tiền hàng:|||32,000"
mcocr_val_145115bhyjk.jpg,0.9241130350325703,"MINIMART ANAN|||Chợ Sủi Phủ Thị Gia Lâm|||Tổng tiền:|||492,016"
mcocr_val_145115pnkpx.jpg,0.6095475715366376,"Saiga|||Tang 1,5142 - Toa K3"
mcocr_val_145115ukoor.jpg,0.7218983917639863,"MINIMART ANAN|||Chợ Sủi Phú Thị Gia Lâm|||Tổng tiền:|||44,000"
mcocr_val_145115jasck.jpg,0.9923011792403957,"MINIMART ANAN|||Chợ Sủi Phú Thị Gia Lâm|||Tổng cộng:|||SỐ GD: 000AC2212008001547 Ngày: 11/08/2023|||67,000"
mcocr_val_145115xmvjr.jpg,0.7239974369444647,"VINH ONH TẾ 7, KHO MUA THI A|||T67, Khu Minh Tiên A|||VinCommerce|||Phi Phi Tiến Điền TP. Ciến Hu, Quan|||Ngày bản: 14/08/2020 10:10|||TỔNG TIỀN PHẢI T.TOÁN|||695,413"
mcocr_val_145115hhxdq.jpg,0.805414054411878,"VM4 QNH Dự án quỹ đất đường sắt|||DA QĐ dọc tuyến ĐS Tổ 3 Khu 2|||Vincommerce|||P. Cảm Sơn, TP. Cảm Phà, T. AN|||Ngày bán: 15/08/2020 10:02|||TỔNG TIỀN PHẢI T.TOÁN|||40,000"
mcocr_val_145115xcppm.jpg,0.609938712231344,"VINH QNH TỔ 7, KHU MINH TIẾN A|||Tố 7, Khu Minh Tiến A|||Vincommerce|||P. Câm Bình, TP. Cầm Phả, QNH"
mcocr_val_145115klteo.jpg,0.6534196887651385,"VIN4 ONH Dự án quỹ đất đường sắt|||DA QU dọc tuyển ĐS Tô 3 Khu 2|||Vincommerce|||P. Cảm Sơn, TP. Câm Pha, T. ON|||Ngày bán: 15/08/2020 11:44|||TỔNG TIỀN PHẢI T.TOÁN|||113,896"
mcocr_val_145115inzsg.jpg,0.6148398523558851,Payỡo-:|||TỔNG:|||NGÀY HẾT HẠN: 2021/12/11|||200.000 Đ
mcocr_val_145115gkzyz.jpg,0.7922907499493601,"VM? QNH 1060-1062 Tràn Phú|||Số 1080-1082 Đường Trần Phú|||Wincommerce|||TP. Cảm Phả, Quang Ninh|||Ngày bán: 14/08/2020 17:38|||TỔNG TIỀN PHẢI T.TOÁN|||40,000"
mcocr_val_145115nyxzm.jpg,0.7324762338467815,"Guitar Cafe|||Tel 290885568|||28 Phan Chu Trinh, Hiệp Phú, Quận 9, Hồ|||Ngày lập: 03/10/2020"
mcocr_val_145115bcojo.jpg,0.6846288434849004,NHÀ SÁCH GD.TC CẨM PHÁ|||Đó 212 Đường Trên Phu Cóm Phi|||001000000000000|||Tổng số thanh toán:|||13.000đ
mcocr_val_145115irmak.jpg,0.8110158606995932,"INTENTIONALIZES|||Chợ Sủi Phú Thị Gia Lâm|||Tổng cộng:|||195,500"
mcocr_val_145114anqqj.jpg,0.9766703252516831,"Bakery|||43 Tô Ngọc Vân ( West Lake )|||02437186071|||16-08-2020|||GROSS TOTAL|||305,000"
mcocr_val_145115yijqt.jpg,0.7837866903982205,"VM - NN TỔ 8 Khu 3B Cầm Trung|||Tổ 8, Khu 3B, P. Cầm Trung|||VinCommerce|||TP. Cảm Phà, T. Quảng Ninh|||TỔNG TIỀN PHẢI T.TOÁN|||91,500"
mcocr_val_145114budzl.jpg,0.6497903838763464,MINIMART ANAN|||Chợ Sùi Phú Thị Gia Lâm|||1 T le|||Tổng số|||4
mcocr_val_145115bdssz.jpg,0.7753751617443347,"VIN4 ÔNH 1080-1062 Trần Phủ|||Số 1000-1062 Đường Trần Phú|||TP. Càm Phà, Quảng Ninh|||VinCommerce|||TỔNG TIỀN PHẢI T.TOÁN|||80,000"
mcocr_val_145115zheoi.jpg,0.5384690619753383,"MINIMART ANAN|||Chợ Sủi Phú Thị Gia Lâm|||Tổng cộng:|||28,000"
mcocr_val_145115esxfn.jpg,0.8897332230500274,NHÀ SÁCH GD-TC CẨM PHẢ|||Đo: 212 Đường Trần Phú-Cẩm Phả|||ĐT 0333863328 - Fax 0333863328|||Thời gian:10:11:18 - 11/08/2020|||Tổng số thanh toán:|||45.000đ
mcocr_val_145115qnqtp.jpg,0.6686273828118041,"CỬA HÀNG NĂM OÁNH|||0589322496 - 02438765210|||Ngày: 10-08-2020|||Cộng tiền hàng|||165,000"
mcocr_val_145115wfojm.jpg,0.5547730035192449,"MINIMART ANAN|||Chợ Sủi Phú Thị Gia Lâm|||Tổng cộng|||121,000"
mcocr_val_145115shjvb.jpg,0.6967035580449192,"MINIMART ANAN|||Chợ Sủi Phú Thị Gia Lâm|||Tổng tiền:|||310,000"
mcocr_val_145115nqvgh.jpg,0.706705112179661,"VM QNH 86 Trần Phú|||Số 88 Đường Trần Phú, P. Cầm Tâ|||Vincommerce|||TP Cảm Phà, T. Quảng Ninh|||Ngãy: 10/08/2020"
mcocr_val_145115pthcj.jpg,0.8653955062091141,"Pay?bi:|||TỐ 7 NHU MINH TIẾN A,P.CÁ|||11/08/2020 10:10:30"
mcocr_val_145115zpcjo.jpg,0.7430541728526285,"MINIMART ANAN|||Chợ Sủi Phú Thị Gia Lâm|||Tổng cộng:|||110,000"
mcocr_val_145115lpzol.jpg,0.7997237106701658,"VM4 QNH TỔ 7, KHU MINH TIẾN A|||Tổ 7, Khu Minh Tiến A|||P. Củm Bình, TP. Cầm Phà, ONH|||Vincommerce|||Ngày băn: 10/08/2020 10:36|||TỔNG TIỀN PHẢI T.TOÁN|||65,900"
mcocr_val_145115buoti.jpg,0.953155549270085,"MINIMART ANAN|||Chợ Sủi Phú Thị Gia Lâm|||Tổng cộng:|||148,000"
mcocr_val_145115fgfau.jpg,0.8778271145290838,"MINIMART ANAN|||Chợ Sủi Phú Thị Gia Lâm|||Tổng tiền:|||64,000"
mcocr_val_145115vxzfr.jpg,0.6231843723459154,"MINIMART ANAN|||Chợ Sủi Phú Thị Gia Lâm|||Tổng cộng |||93,000"
mcocr_val_145115obsjf.jpg,0.8342278518517456,"SIEU THI BACH HOA TONG HOP|||Số 5 Cẩm Tây - Cẩm Phả - QN|||Tel: 0203.3731199. Website: wwwwis nam|||Giờ làm việc: 7:30:00 hàng ngày|||Tổng cộng (đã gốm VAT)|||26,000"
mcocr_val_145115abnlz.jpg,0.8100719374290825,NGUY THA THA PHONO|||104 Trần Phu|||Tổng thanh toán|||125.000đ
mcocr_val_145115sayht.jpg,0.9177842483391914,"Vietcombank|||Vilumat, 1991 men"
mcocr_val_145115ambgj.jpg,0.6187567466659113,"HÔA ĐN DÂN HÀNG|||Ngày bản:09/08/2020 08.03|||11:0003|||Quấy:001|||TỔNG TIỀN PHẢI T.TOÁN|||31,000"
mcocr_val_145115rfhqm.jpg,0.8067200228761977,MINIMARTANAN|||Chợ Sủi Phú Thị Gia Làm|||Tổng số:|||2
mcocr_val_145115mvstz.jpg,0.7861356968520198,"MINIMARTANAN|||Chợ Sủi Phú Thị Gia Lâm|||Tổng cộng:|||138,000"
mcocr_val_145115mcnhe.jpg,0.8396120361290323,"VM QNH 590 Trần Phú|||Số 690 Trần Phú, P. Cảm Thủy|||VinCommerce|||TP. Cầm Phà, Quảng Ninh|||Ngày bán: 15/08/2020 10:04|||TỔNG TIỀN PHẢI T.TOÁN|||99,000"
mcocr_val_145115wxton.jpg,0.8043465934777625,"VM4 ONH TỔ 8 Khu 3B Cầm Trung|||Tổ 8, Khu 3B, P. Cảm Trung|||Vincommerce|||TP. Cảm Phả, T. Quảng Ninh|||Ngày bán: 13/08/2020 11:44|||TỔNG TIỀN PHẢI T.TOÁN|||10,800"
mcocr_val_145115jqdkf.jpg,0.9103224777642278,"CỬA HÀNG NĂM OÁNH|||Thôn Phú Thuy Xã Phú Thi Huyên Gia Lâm, IP Nam The Nam|||0869322496-02438765210|||Ngày: 13-08-2020|||Cộng tiền hàng|||75,000"
mcocr_val_145115acweu.jpg,0.9989725385665201,MINIMART ANAN|||Chợ Sủi Phú Thị Gia Lâm|||Tổng số:|||43
mcocr_val_145115bexih.jpg,0.857823303138076,"MINIMART ANAN|||Chợ Sủi Phú Thị Gia Lâm|||Tổng cộng:|||91,000"
mcocr_val_145115llmkx.jpg,0.9701725017905003,"Saigon Co. op|||Ma so thye: 0309129418?115|||Tang 1,5H42 - Toa K3, Cong trinh chung cu|||Noay: 30/09/2019"
mcocr_val_145115rltwx.jpg,0.5973438703781531,CHONG THO THẦN PHU - CAM|||1 Trần Phúc
mcocr_val_145115gemfs.jpg,0.7304226017702444,"VINH ONH 1060-1062 Trần Phú|||Số 1060-1002 Dướng Trần Phú|||InCommerce|||TP. Cảm Phả, Quảng Ninh|||Ngày bán: 13/08/2020 18:08|||TỔNG TIỀN PHÁI T.TOÁN|||115,700"
mcocr_val_145115jxfng.jpg,0.5155437903302619,Z|||1
mcocr_val_145114ixmyt.jpg,0.8292595394646662,"THỨC COFFEE|||22 Quang Trung, P10, Gò Vấp|||Tel:028 3588 3591|||30.03.2019|||Tiền Thanh Toán:|||35 000"
mcocr_val_145115pxbbr.jpg,0.5612465754316462,NHÀ SÁCH GD-TC CẨM PHẢN|||Đo: 212 Đường Trần Phú-Cẩm Phả|||ĐT 0333863328 - Fax 0333863328|||Thời gian:18:59:14 - 09/08/2020|||Tổng số thanh toán:|||18.000đ
mcocr_val_145115bxehb.jpg,0.7248637432831959,"Nhà Hàng Aozora Sushi|||153 Thụy Khuê, Quận Tây Hồ, Thành phố Hà Nội|||SĐT: 02462968133|||15-08-2020 13:07"
mcocr_val_145115qolwv.jpg,0.8989233408962076,"coopsms|||CO.OPSMILE - A1 KHU B TH CHA CHA CHU CHI CHU CHU CHU CHU CHU CHUNG|||Toa nha A1, Ky tuc xa khu B, Khu pho Tan Hoa,|||Ngay: 24/07/2020|||TONG CONG|||40,500"
mcocr_val_145115zgjlc.jpg,0.6150232666258473,"VM+ QNH 1060-1062 Trần Phú|||Số 1080-1062 Đường Trần Phú|||VinCommerce|||TP. Câm Phà, Quang Ninh|||Ngày bán: 14/08/2020 22:05|||TỔNG TIỀN PHẢI T.TOÁN|||21,700"
mcocr_val_145115dxgiq.jpg,0.6226556453385872,NHÀ SÁCH GD-TC CẨM PHẢ|||Đo: 212 Đường Trần Phú-Cẩm Phả|||03 0333863328 - Fax 0333863328|||Tổng số thanh toán|||95.000đ
mcocr_val_145115azqhi.jpg,0.5509058879753574,"MINIMART ANAN|||Chợ Sủi Phú Thị Gia Lâm|||Tổng tiền|||192,000"
mcocr_val_145115ddutz.jpg,0.5117886365255404,"CONTERSECTIONIST|||0010000001000100|||Thu ngân: ca10,2020 12.00 Số HD: 19810002352020|||Thành tiền:|||1"
mcocr_val_145115kkzjy.jpg,0.734417843639361,"THE COFFEE HOUSE|||403 Phan Huy Ích, P.14, Q.Gò Vấp|||23|||Thành tiền:|||35 000"
mcocr_val_145115ycgof.jpg,0.8406149060506156,"MILANO|||186 Cây Trâm, P.11, Q.Gò Vấp, TP.HCM|||02.10.2020 15.25|||Tiền Thanh Toán:|||19 000"
mcocr_val_145115bfzur.jpg,0.9948192425064881,3|||3|||3|||8
mcocr_val_145115mnmrc.jpg,0.5254852437674067,"THỨC COFFEE|||22 Quang Trung, P10, Gò Vấp|||Tel:028 3588 3591|||31.03.2019|||Tiền Thanh Toán:|||35 000"
mcocr_val_145115ishek.jpg,0.5640034281250156,"VM4 QNH Tỏ 7, Khu Minh Tiến A|||Tổ 7, Khu Minh Tiến A|||Vincommerce|||P. Cầm Bình, TP. Cầm Pha, ONH|||Ngày bán: 14/08/2020 20:26|||TỔNG TIỀN PHẢI T.TOÁN|||26,900"
mcocr_val_145115bflng.jpg,0.6116027341691803,"VINH 10001080-1082 Trấn Phú|||Số 1060-1062 Đường Trần Phú|||Vincommerce|||TP. Càm Phả, Quảng Ninh|||Ngày bán: 13/08/2020 20:19|||TỔNG TIỀN PHẢI T.TOÁN|||72,335"
mcocr_val_145114qwggd.jpg,0.6820351455584053,"MINIMART ANAN|||Chợ Sủi Phú Thị Gia Lâm|||Tổng cộng:|||28,000"
mcocr_val_145115pwzhy.jpg,0.6620624157654624,"VIN4 QNH SỐ 463 TỔ 66 Khu Diêm Thủy|||Số 463, Tô 68, Khu Diêm Thủy|||P. Cảm Đông, TP. Cảm Phá|||VinCommerce|||TỔNG TIỀN PHẢI T.TOÁN|||210,294"
mcocr_val_145115zzaix.jpg,0.7509952485087174,"Payoos|||TỔ 7 KHU MINH TIÊM A,P.CÁ THÁ|||Ngày: 13/08/2020|||TAI QUẦY|||380,000"
mcocr_val_145115knxyy.jpg,0.8358736032163221,"SIEU THI BACH HOA TONG HOP|||Số 5 Cẩm Tày - Cẩm Phá - QN|||Tel: 0203.3731199 - Website: www.sienthittp.vn|||Giờ làm việc: 7:30 ? 2 22:00 hàng ngày|||Tổng cộng (đã gồm VAT)|||15,800"
mcocr_val_145115jlcvk.jpg,0.7775803453128848,SCTC CÔ THỔ 104 TRẦN PHU - CẨM|||PHÁ|||101 Tần Phú|||Phường Cẩm Tây - Thành pho Cấm 19
mcocr_val_145114gpkup.jpg,0.5570105218716548,"INTERTINGUALIZES|||Tổng cộng:|||24,000"
mcocr_val_145115diyls.jpg,0.6309024217424472,"VM4 QNH 112 Thanh Niên|||Số 112 Thanh Niên, P. Cảm Thành|||Vincommerce|||TP. Cảm Phả, Quảng Ninh|||Ngày bán: 10/08/2020 06:18|||TỔNG TIỀN PHẢI T.TOÁN|||18,200"
mcocr_val_145115yozfx.jpg,0.8999974694741055,"MINIMART ANAN|||Chợ Sủi Phú Thị Gia Lâm|||Tổng cộng:|||95,000"
mcocr_val_145115iibqy.jpg,0.8729026116252341,"VIA4 QNH SỐ 463 Tỏ 66 Khu Diêm Thủy|||Số 483, Tổ 86, Khu Diêm Thủy|||Vincommerce|||P. Càm Đông, TP. Cảm Phả|||Ngày bán: 15/08/2020 10:59|||TỔNG TIỀN PHẢI T.TOÁN|||58,000"
mcocr_val_145115ohgnu.jpg,0.6460352637250973,"NGUYỄN ĐÀ HANH HANG THUNG|||17.000|||Tổng số|||52,35"
mcocr_val_145115wsgas.jpg,0.5089059609732428,"Và Viê ANH Tô 7, Khu Minh Tiến Anh|||Tố 7, Khu Minh Tiền A|||Vincommerce|||19 P. Cẩm Bình, TP. Cảm Phà, QNH|||Ngây: 14/08/2020"
mcocr_val_145115azksw.jpg,0.8210421949292199,"MINIMART ANAN|||Tổng cộng:|||283,000"
mcocr_val_145115tafia.jpg,0.5114964027865689,g|||g5
mcocr_val_145115itmlf.jpg,0.8175008734835072,"MINIMARTANAN|||Chợ Sủi Phú Thị Gia Lâm|||Tổng cộng:|||178,008"
mcocr_val_145115qnjus.jpg,0.8658169696525434,"VIM4 QNH 86 Trần Phú|||Số 86 Đường Trần Phú, P. Cảm Tày|||Vincommerce|||TP Cầm Phả, T. Quảng Ninh"
mcocr_val_145115kexzv.jpg,0.8336870590865171,NHÀ SÁCH GD-TC CẨM PHẢ|||Đo 212 Đường Trân Phú-Cẩm Phà|||ĐT O33
mcocr_val_145115bttrw.jpg,0.9155250702839108,Phúc Anh Minimart|||248 Cổ Bi - Gia Lâm - Hà Nội|||0945984733|||Ngày: 14-08-2020
mcocr_val_145115nrgnd.jpg,0.5041290448750556,"Saigon Co.op|||Co.op.Food Hn The K-PARK|||Ma so thue: 0309127419-115|||Tang 1, Ha2 , Toa K3, Cong trinh chung cua|||Ngay: 20/09/2019|||Tong so tien thanh toan:|||38,774,00"
mcocr_val_145115rrirk.jpg,0.6990424780780826,"MINIMART ANAN|||Chợ Sủi Phú Thị Gia Lâm Như|||Tổng cộng|||79,000"
mcocr_val_145115plprx.jpg,0.6190751312181104,"CỪA HÀNG NĂM OÁNH|||Thôn Phú Thuy, Xã Phú Thị, Huyện Gia Lâm, TP Hà Nội|||0869322496-02438765210|||Ngày: 11-08-2020|||Cộng tiền hàng|||88,000"
mcocr_val_145115hspyd.jpg,0.8731001501564739,"Vietcombank|||VGR VINHART, 1987 UMONH|||TO 8 KHU 3B P CAN TRUNG|||30/04/2020"
mcocr_val_145115wssmm.jpg,0.5637654075104848,1140.000|||42.000|||3.Dầu gội herbo 500ml|||1330.000|||Ngày: 2020-07-25 13:46:52
mcocr_val_145115fostp.jpg,0.9517624556088333,E|||001000000100
mcocr_val_145115rtkgt.jpg,0.9321417414224384,INO NO WYO NIX|||POOO'OE9|||Guy uyquy 1914
mcocr_val_145115jcruz.jpg,0.9639726335933058,"BẢO CÁO NHN TOS/CA|||P05:000|||NVI11:09024824|||NGÀY KINH DOANH 13/08/2020|||Tổng Tiền|||6,319,098"
mcocr_val_145115wvyel.jpg,0.7577675807314883,"Vinh TTTM Chợ Súi|||Sô 42 Phố Sui, xã Phú Thị|||huyện Gia Làm, Hà Nội|||Vincommerce|||Ngày bán: 14/08/2020 17:26|||TIỀN KHÁCH TRẢ|||193,920"
mcocr_val_145115qslfj.jpg,0.9821275475606168,NHÀ SÁCH GD-TC CẨM PHẢ|||Đo: 212 Đường Trần Phú-Cẩm Phả|||ĐT 0333863328 - Fax 0333863328|||Thời gian:20:31:25 - 14/08/2020|||Tổng số thanh toán:|||353.000đ
mcocr_val_145115lflcz.jpg,0.5509643457055903,"VINH ONH TỔ 8 Khu 38 Cám Trung|||Tổ 8, Khu 38, P. Cảm Trung|||VinCommerce|||TP. Căm Pha, T, Quảng Ninh|||TỔNG TIỀN PHẢI T.TOÁN|||9,500"
mcocr_val_145114gmmfs.jpg,0.5810603293312555,"MINIMART ANAN|||Tổng cộng:|||92,000"
mcocr_val_145115fdkxk.jpg,0.6112628365190568,gip|||0010000001001
mcocr_val_145115puijt.jpg,0.9428959397979155,"VM4 QNH Dự án quỹ đất đường sắt|||DA QĐ dọc tuyến ĐS Tổ 3 Khu 2|||P. Cầm Sơn, TP. Cảm Phà, T. ON|||VinCommerce|||Ngày bán: 15/08/2020 11:15|||TỔNG TIỀN PHẢI T.TOÁN|||12,320"
mcocr_val_145115qzmtr.jpg,0.5332625223052261,"MINIMARTANAN|||Chợ Sùi Phú Thị Gia Lâm|||Tổng tiền:|||26,000"
mcocr_val_145115zjqeo.jpg,0.6126574680306922,"VM4 QNH 690 Trần Phú|||Số 690 Trần Phú, P. Cảm Thủy|||Vincommerce|||TP. Cầm Phả, Quảng Ninh|||Ngày bán: 15/08/2020 10:02|||TỔNG TIỀN PHẢI T.TOÁN|||47,000"
mcocr_val_145115snubu.jpg,0.6144776802692864,NHÀ SÁCH GD-TC CẨM PHẢ|||Đó 212 Đường Trấn Phú Cầm Pháp|||OTTO333863328 - Fax 0333883328|||Thời gian:16:38.26 - 14/08/2020|||Tổng số thanh toán:|||18.000đ
mcocr_val_145115hupmg.jpg,0.7916703608905769,"CỪA HÀNG NĂM OÁNH|||Thón Phủ Thuy, Xã Phú Thị, Huyện Gia Lâm, TP Hà Nội|||0869322496 00438765210|||Ngày: 11-08-2020|||Cộng tiền hàng|||30,250"
mcocr_val_145115qvyjg.jpg,0.9818534653138944,MINIMART ANAN|||Tổng số|||2
mcocr_val_145115uhcny.jpg,0.6921198379961854,"Saigon Co-op|||0310000000000000109113|||001000000001000|||Nosyn 19/09/2019|||Tong so tien thanh toan:|||22,457,00"
mcocr_val_145115onwzn.jpg,0.9678315260376374,"VIN4 ONH TÓ 7, KHU MINH TIẾN Ả|||Tổ 7, Khu Minh Tiền A|||Phi thi thi thi thi th. cám Pha, ONH|||TỔNG TIỀN PHẢI T.TOAN|||200,600"
mcocr_val_145115alcfe.jpg,0.5372562047417111,Saigon Co.op|||001000001010|||001000001010
mcocr_val_145115kkeqh.jpg,0.9215246830488795,"MINIMART ANAN|||Tổng cộng:|||92,000"
mcocr_val_145115uwfxl.jpg,0.9039660281028552,E|||2
mcocr_val_145115fbjob.jpg,0.5588402442794551,NHÀ SÁCH GD-TC CẨM PHẢ|||ĐC: 212 Đường Trần Phú-Cẩm Phải|||ĐT 0333863328 - Fax 0333863328|||Thời gian:09:36:56 - 14/08/2020|||Tổng số thanh toán:|||40.000đ
mcocr_val_145115ardez.jpg,0.7895676851593276,"VM+ QNH TỔ 8 Khu 38 Cẩm Trung|||Tổ 8, Khu 3B, P. Cầm Trung|||VinCommerce|||TP. Cầm Phà, T. Quảng Ninh|||Ngày: 13/08/2020"
mcocr_val_145115cgoeo.jpg,0.9250754107479651,"MINIMART ANAN|||Chợ Sủi Phú Thị Gia Lâm|||Tổng cộng:|||83,000"
mcocr_val_145115yfbua.jpg,0.7483169061344499,"Minh cinh tô 1 Khu Minh Tiết A Nhiều|||767 Khu Minh Tiên Á|||P. Cầm Bình TP. Căm Pha, (Minh)|||Vincommerce|||Ngày bán: 13/08/2020 18:49|||TỔNG TIỀN PHẢI T.TOÁN|||148,400"
mcocr_val_145115bxsnt.jpg,0.6163604068969595,"THE COFFEE HOUSE|||403 Phan Huy Ích, P.14, Q.Gò Vấp|||23|||Thành tiền:|||35 000"
mcocr_val_145115wicxb.jpg,0.6319933938316391,"CỬA HÀNG NĂM OÁNH|||Thôn Phú Thuy, Xã Phú Thị, Huyện Gia Lâm, TP Hà Nội|||0869322496 - 02438765210|||Ngày: 12-08-2020"
mcocr_val_145115opevw.jpg,0.9702969119341374,"MINIMART ANAN|||Chợ Sủi Phú Thị Gia Lâm|||Tổng tiền:|||317,000"
mcocr_val_145115gvwps.jpg,0.8089802413815281,"PARTSGITEAUX 19|||213 xã Đàn, Đồng Đa, Hà Nội|||Pass wifi: parisgateaux19|||PHÓA ĐƠN THANH TOÁN|||14.07.2020|||Thành tiền:|||145000"
mcocr_val_145115djbdi.jpg,0.7755867472576916,NHÀ SÁCH GD-TC CẨM PHẢ|||Đo: 212 Đường Trần Phú-Cẩm Phả Nhi|||ĐT 0333363328 - Fax 0333863328|||Thời gian:20:10:06 - 14/08/2020|||Tổng số thanh toán:|||315.000đ
mcocr_val_145115lmfoo.jpg,0.5281169318967411,"ĐÃO CẢO NHANH POS/CA|||POS:001|||NGUY10:00024142|||NGÀY THỊ THÔNG: 13/06/2020|||tổng thuế|||8,263,302"
mcocr_val_145115rxijw.jpg,0.7293290178928419,"VIÊN ONH DU SN KDC TẦN BIÊN CUC S|||DA Khu DCLB cọc 8, P. Câm Sơn|||TP. Cầm Phà, T. Quảng Hinh|||Ngây bán: 12/08/2020 16:47|||TIỀN MẶT|||76,000"
mcocr_val_145115buhji.jpg,0.7168887786134813,"MINIMART ANAN|||Chợ Sủi Phú Thị Gia Lâm|||Tổng cộng:|||79,000"
mcocr_val_145115uvjbp.jpg,0.8327869569117223,"INTERTIONALITIES|||Tổng cộng:|||92,000"
mcocr_val_145115whuii.jpg,0.9687490601320372,"Vietcombank|||VGR VINMAKI 4467 , VMÍNH|||10 8 khu 3B P Can Trung"
mcocr_val_145115oitgx.jpg,0.900862648641151,AUTITULANCELIAN|||0111111111191000000
mcocr_val_145115vqpba.jpg,0.8364213633443003,"THE COFFEE HOUSE|||403 Phan Huy Ích, P.14, Q.Gò Vấp|||27|||Thành tiền:|||52000"
mcocr_val_145115dvysp.jpg,0.5172892439081382,"Saigon Co.op|||Ma so thue: 0309127418-118|||Tang 1,5H42 - Toa K3, Cong trinh chung nam|||Ngay: 23/09/2019|||Tong so tien thanh toan:|||53,889,00"
mcocr_val_145115jggpy.jpg,0.501754727103112,"CỬA HÀNG NĂM OÁNH|||Thón Phú Thuy, Xà Phú Thị, Huyện Gia Lám, TP Hà Nội Thui Tinh|||0869322496-02438765210|||Ngày: 10-08-2020|||Cộng tiền hàng|||18,168"
mcocr_val_145115ircfq.jpg,0.5155861652407436,Co.op Food HN THE|||Ma so thue: 030912941800|||03 1000 1001 1010 1000 1000|||Ngay: 20/09/2019
mcocr_val_145115akhkf.jpg,0.8197620533082048,Ma so thue: 0507127010|||INTERNECTIONALIZES|||Ngay: 20/09/2019
mcocr_val_145115tmacm.jpg,0.7429446657206636,"VIN- ONH TỔ 8 KHU 38 Cảm Trung|||Tổ8, Khu 38, P Chanh Tinh|||Vincommerce|||TP. Cám Phá, T. Quảng Ninh|||Ngày bán: 14/08/2020 08:53|||TỔNG TIỀN PHẢI T.TOÁN|||57,296"
mcocr_val_145115ilmav.jpg,0.5917686716293236,"VM4 HNI 36 Đinh Thôn|||G|||Số 36 Đình Thôn, P. Mỹ Đình 1|||Ngày bán: 16/08/2020 18:36"
mcocr_val_145115jetch.jpg,0.5609273113177858,"Bảo cáo x|||Tax 10:0104018404-007|||- Pos 10:40077001|||Tổng sau thuế|||129,000"
mcocr_val_145115pyxhp.jpg,0.6174209895671763,"CỬA HÀNG NĂM OÁNH|||Thôn Phủ Thuy, Xã Phú Thị, Huyện Gia Lâm, TP Hà Nội Trinh|||0869322496-02438765210|||Ngày: 10-08-2020"
mcocr_val_145115jafwy.jpg,0.9779048555156308,"VIN4 ONH 1060-1062 Trần Pháp|||Số 1080-1062 Đường Trần Ph|||Vincommerce|||TP. Cầm Phá, Quảng Ninh|||Ngày: 15/08/2020"
mcocr_val_145115wyjlo.jpg,0.7723560307612697,"MINIMARTANAN|||Chợ Sủi Phú Thị Gia Lâm|||Tổng tiền:|||129,000"
mcocr_val_145115fpsxm.jpg,0.5654681184057384,"PHỔ MỎ|||Tổ 7 khu Tân Lập 4. P.Cẩm Thủy|||Tp. Cẩm Phả - Quảng Ninh|||ĐT: 0858.931.931|||13/08/2020 - 20: 25|||Cộng tiền hàng:|||30,000"
mcocr_val_145114vuxdl.jpg,0.9991855527507536,MINIMART ANAN|||Chợ Sủi Phú Thị Gia Lâm|||Tổng số:|||1
mcocr_val_145115kshez.jpg,0.7751462181721204,"VINH ONH TÔ 7, KHU MINH TIẾN A|||Tô 7. Khu Minh Tiến A|||Vincommerce|||P. Cầm Bình, TP. Cầm Pha, ONH|||Ngày bán: 13/08/2020 19:29|||TIỀN KHÁCH TRẢ|||11,755"
mcocr_val_145115pazzp.jpg,0.555470524935604,"VM 1 QNH TỔ 7, KHU MINH TIẾN A NHA|||Tổ 7, Khu Minh Tiến A|||P. Cầm Bình, TP. Cầm Phà, QNH|||Vincommerce|||Ngày bán: 09/08/2020 21:23|||TỔNG TIỀN PHẢI T.TOÁN|||32,100"
mcocr_val_145115ousyl.jpg,0.5026421765378438,"MINIMART ANAN|||Chợ Sủi Phú Thị Gia Lâm|||Tổng tiền:|||106,000"
mcocr_val_145114rqxas.jpg,0.5146623221696297,"CONTERPORTING|||1919H000 THUON THI THE K-PARK|||Nhu an bap dich vioa K3,C019129418-115"
mcocr_val_145115aeiqh.jpg,0.8371440803593369,CHA HÀNG NĂM 1911|||NGUY THU NHINH THU NGUYANG THU NGUY|||0040200106004201|||Ngày: 10-08-2020|||Cộng tiền hàng|||1070000
mcocr_val_145115sgylr.jpg,0.839186516094683,"Phúc Anh Minimart|||248 Cổ Bi - Gia Lâm - Hà Nội|||0945984733|||Ngày: 11-08-2020|||Cộng tiền hàng|||88,000"
mcocr_val_145115rcjnw.jpg,0.8317228351104098,"VIM - QNH 690 Trần Phú|||Só 590 Trần Phú, P. Cảm Thủy|||UnCommerce|||TP. Cầm Phả, Quảng Ninh|||Ngày bán: 15/08/2020 10:41|||TỔNG TIỀN PHẢI T.TOÁN|||49,500"
mcocr_val_145115zmeez.jpg,0.722305612695828,Pay?on|||00110001115|||13-08/2020 20:37:55
mcocr_val_145115havhi.jpg,0.7215927528057622,"VM4 QNH Dự án quỹ đất đường sắt|||DA QĐ dọc tuyến ĐS Tổ 3 Khu 2|||Vincommerce|||P. Cảm Sơn, TP. Cảm Phà, T. AN|||Ngày bán: 15/08/2020 10:02|||TỔNG TIỀN PHẢI T.TOÁN|||40,000"
mcocr_val_145115uprww.jpg,0.8938019205783425,"VINH QNH 86 Trản Phú|||Só 88 Đường Trần Phú, P. Cảm Tây|||Vincommerce|||TP Cầm Phả, T. Quảng Ninh|||Ngày bán: 10/08/2020 10:19|||TỔNG TIỀN PHẢI T.TOÁN|||19,950"
mcocr_val_145115ydjya.jpg,0.930685343139704,S
mcocr_val_145115nwecn.jpg,0.8022191124534104,"VIM - ONH TỔ 7, KHU MINH TIẾN Á|||Tô 7, Khu Minh Tiến A|||P. Cầm Bình, TP. Câm Phả, ONH|||Vincommerce|||24/08/2020"
mcocr_val_145115ikgqr.jpg,0.5848932107879454,"SIEU THI BÁCH HOA TONG HOP|||Số 5 Cẩm Tây - Cẩm Phá - QN|||Tele 22333331199 - Website: wwwsterth|||Giờ làm việc: 7:30) 20 hàng nghy|||Tổng cộng (đà gồm VAT):|||148,100"
mcocr_val_145115zoetr.jpg,0.9797234429440885,"PHỔ MÔ|||Tổ 7 khu Tân Lập 4. P.Cẩm Thủy 2|||Tp. Cẩm Phá - Quảng Ninh|||ĐT:0058.931.931|||11/08/2020 - 21:33|||Cộng tiền hàng:|||42,000"
mcocr_val_145115cozxn.jpg,0.9674960846694918,"244/23a Huỳnh Văn Bánh, P.11, Q.PN|||Pass Wifi: thanhxuan|||Tel:0888212505|||Tổng tiền (VAT):|||87 300"
mcocr_val_145115yracs.jpg,0.6698496114724148,"MARUMART|||0010000001000001|||024.37616870|||Tổng tiền thanh toán|||149,000"
mcocr_val_145115ltpkt.jpg,0.8048718157869805,3|||s|||8
mcocr_val_145115aozns.jpg,0.9466142192151357,"Brgmartin|||Ngày: 12/08/2020 16:57 Số: 301002212008001762|||Tổng tiền hàng|||81,232"
mcocr_val_145114qjftu.jpg,0.5747604581383934,NHÀ SÁCH GD-TC CẨM PHẢ|||Đo: 212 Đường Trần Phú-Cẩm Phả|||INTT 0333863328 - Fax 0333863328|||Thời gian:10:12:25 - 15/08/2020|||Tổng số thanh toán:|||20.000đ
mcocr_val_145115eqtqa.jpg,0.5303813933088855,"VM4 QNH Tổ 8 Khu 3B Càm Trung|||Tổ 8, Khu 3B, P. Cảm Trung|||Vincommerce|||TP. Cảm Phà, T. Quảng Ninh|||Ngày bán: 12/08/2020 20:49|||TỔNG TIỀN PHẢI T.TOÁN|||8,400"
mcocr_val_145115iyrjm.jpg,0.9687975559057186,NHÀ SÁCH GD-TC CẨM PHẢ|||Đo: 212 Đường Trần Phú-Cẩm Phả|||ĐT 0333863328 - Fax 0333863328|||Thời gian:10:19:05 - 11/08/2020|||Tổng số thanh toán:|||5.000đ
mcocr_val_145115rirpb.jpg,0.908840057056778,"CỬA HÀNG NĂM OÁNH|||Thôn Phú Thuy, Xã Phú Thi, Huyện Gia Lâm, TP Hà Nội|||0869322496-02438765210|||Ngày: 11-08-2020|||Cộng tiền hàng|||70,000"
mcocr_val_145115vvpac.jpg,0.8055959736253241,"Saigon Co,op|||Ma so thue: 0309129418?115|||Tang 1,5H42 - Toa K3,Cong trinh chung cu|||Ngay: 17/09/2019|||Tong so tien thanh toan:|||22,391,00"
mcocr_val_145115kqczg.jpg,0.5005124874888862,"THE COFFEE HOUSE|||403 Phan Huy Ích, P.14, Q.Gò Vấp|||26|||Thành tiền:|||52000"
mcocr_val_145115uvcfc.jpg,0.9407814075477599,STEETS
mcocr_val_145115ejbhg.jpg,0.5543233021213332,"MINIMART ANAN|||Chợ Sủi Phú Thị Gia Lâm|||Tổng cộng:|||71,000"
mcocr_val_145115xtndp.jpg,0.7328937638347739,MINIMART ANAN|||Chợ Sủi Phú Thị Gia Lâm|||Tổng số:|||1
mcocr_val_145115nliti.jpg,0.8289654980493162,Pay?o:|||TỔNG:|||NGÀY HẾT HAN: 2021/12/31|||100.000 Đ
mcocr_val_145115cvslb.jpg,0.6949385656265855,TTTM VAN HO-SIEU THI SEIKA MART|||NG (Add): 51 Le Dai Hanh That Hanh Thung Thung Hanh Thanh Thung Thung Thinh Thung Thinh Thung Thinh Thung Thinh Thung Thinh Thung|||ATTATY TH1 24-4-4-45466|||12/08/2020
mcocr_val_145115xhbhb.jpg,0.5315687597528849,"Guitar Cafe|||Tello 896 526 8359|||28 Phan Chu Trinh, Hiệp Phú, Quận 9, Hồ|||Khu vực: Tâng trệt|||Ngày lập: 04/10/2020"
mcocr_val_145115pqgzl.jpg,0.6467431057709627,"VM 1 QNH 112 Thanh Niên|||Số 112 Thanh Niên, P. Cảm Thanh|||TP. Càm Phá, Quảng Ninh|||VinCommerce|||Ngày bán: 07/08/2020 10:11|||TIỀN KHÁCH TRẢ|||23,500"
mcocr_val_145115xfigv.jpg,0.9443479239589392,Vietcombank|||VGR VINMART 1987 UMINH|||ĐỊA CHỈ DÀI LY:|||20/05/2020
mcocr_val_145115nsict.jpg,0.8436012589527342,"CỬA HÀNG NĂM OÁNH|||Thôn Phú Thuy, Xã Phú Thị, Huyện Gia Lâm, TP Hà Nội|||0869322496-02438765210|||Ngày: 12-08-2020|||Cộng tiền hàng|||62,000"
mcocr_val_145115gozuc.jpg,0.9208519355460709,5|||S|||9
mcocr_val_145115hcdkj.jpg,0.6480860720533408,"MINIMART ANAN|||Chợ Sủi Phú Thị Gia Lâm|||Tổng cộng:|||122,000"
mcocr_val_145114aszbc.jpg,0.6710750124991192,"VIN4 QNH Só 463 Tô 66 Khu Diêm Thủy|||Só 483, Tổ 68, Khu Diêm Thủy|||Vincommerce|||P. Cảm Đông, TP. Cám Pha|||Ngày bán: 15/08/2020 11:07|||TỔNG TIỀN PHẢI T.TOÁN|||22,000"
mcocr_val_145115zwqxr.jpg,0.6047708001310843,18|||ELESSES|||0
mcocr_val_145115kenle.jpg,0.903967981182786,8|||8|||5|||8
mcocr_val_145115yfvgw.jpg,0.813290479740463,"VINH GNH 112 Thanh Niên|||Só 112 Thanh Hiên, P. Cảm Thành|||Vincommerce|||TP. Cảm Phả, Quảng Ninh|||Ngày bán: 10/08/2020 16:25|||TỔNG TIỀN PHẢI T.TOÁN|||74,600"
mcocr_val_145114zizpx.jpg,0.9765103330267815,Vi the nhi thunh ninh|||001000000100|||10:0017951
mcocr_val_145115bieem.jpg,0.938531298635273,"VM - ONH 590 Trần Phú Thi|||Số 590 Trần Phú, P. Càm Thủy|||Vincommerce|||TP. Cầm Phả, Quảng Ninh|||Ngày: 15/08/2020"
mcocr_val_145115drrnr.jpg,0.6973103128625403,"VIH - QNH TỔ 8 Khu 38 Cảm Trung|||Tổ 8, Khu 38, P. Cảm Trung|||Wincommerce|||TP. Câm Phà, T. Quảng Ninh|||Ngày: 13/08/2020"
mcocr_val_145115jiuzz.jpg,0.7663638716127745,CHAMPI|||Tòa nhà C1 - KTX Khu B - ĐHỌG TP.HCM|||Tel:07 6336 5665|||14.05.2019|||Tiền Thanh Toán:|||16 000
mcocr_val_145115cessj.jpg,0.7849595892440322,MINIMART ANAN|||Chợ Sủi Phú Thị Gia Lâm|||Tổng số:|||1
mcocr_val_145114lbdpw.jpg,0.6247875361107473,INTERTIONALITIES|||Tổng số:|||1
mcocr_val_145115gpesv.jpg,0.8022825169025549,"Viên vinh 86 Trần Phú|||Só 86 Đường Tràn Phú, P. Cảm Tây|||Vincommerce|||TỔNG TIỀN PHẢI T.TOÁN|||40,000"
mcocr_val_145115twueq.jpg,0.7773769133672868,"VIY - ONH 112 Thanh Niên|||Só 112 Thanh Niên, P. Cảm Thành|||TP. Cầm Phả, Quảng Ninh|||Wincommerced|||Ngày bán: 09/08/2020 16:19|||TIỀN KHÁCH TRẢ|||11,500"
mcocr_val_145115nypff.jpg,0.8047228419698715,"WANDINGLY|||Tổng cộng:|||69,000"
mcocr_val_145115ljgll.jpg,0.775098991355386,NHÀ SÁCH GD-TC CẨM PHẢ|||Đo: 212 Đường Trần Phú-Cẩm Phả|||ĐT 0333863328-- Fax 0333863328|||Thời gian:20:11.04 - 13/08/2020|||Tổng số thanh toán|||90.000đ
mcocr_val_145115dbbem.jpg,0.9028043367422312,"ĐÁO CÁO 7|||Tax 1010104918404-00700|||POS:001|||POS 10:4930P001|||NGÀY HỆ THÔNG: 12/08/2020 22:05|||Tổng Tiền|||1,000,000"
mcocr_val_145115majhy.jpg,0.7180326532341202,"MINIMARTANAN|||Chợ Sủi Phú Thị Gia Lâm|||Tổng cộng:|||34,000"
mcocr_val_145115ryaxg.jpg,0.8145518907386582,"Tổng trước thuố|||426.134|||tổng thuế|||5.716.995|||TIỀN MẶT|||5,624,035"
mcocr_val_145115zqplz.jpg,0.7824372070105622,"0010000001001|||0010000001001|||001000000101|||Vincommerce|||TỔNG TIỀN ĐÃ GIẢM|||184,887"
mcocr_val_145115kbclm.jpg,0.9326412955670768,NHÀ SÁCH GD-TC CẨM PHẢ|||Đế: 212 Đường Trần Phú-Cẩm Phản|||IST 0333863328 - Fax 0333863328|||Thời gian:09:44:33 - 14/08/2020|||Tổng số thanh toán: |||75.200đ
mcocr_val_145115ogztm.jpg,0.7447253480756082,"PHỐ MỎ|||Tổ 7 khu Tân Lập 4 - P.Cẩm Thủy -|||Tp. Cẩm Phả - Quảng Ninh|||ĐT: 0858.931.931|||13/08/2020 - 20: 32|||Cộng tiền hàng:|||25,000"
mcocr_val_145115pfgda.jpg,0.5484902133022804,"CỬA HÀNG NĂM OÁNH|||Thôn Phú Thuy, Xà Phú Thị, Huyện Gia Lâm, TP Hà Nội|||0869322496 02438765210|||Ngày: 11-08-2020|||Cộng tiền hàng|||122,000"
mcocr_val_145115yecqs.jpg,0.9158173618889729,"VM4 QNH 1060-1062 Trần Phú|||Số 1060-1062 Đường Trần Phú|||Wincommerce|||TP. Cầm Phà, Quảng Ninh|||Ngày bán: 15/08/2020 07:42|||TỔNG TIỀN PHẢI T.TOÁN|||319,500"
mcocr_val_145115wfgnj.jpg,0.8033113356260302,"PHÓ MỎ|||Tổ 7 khu Tân Lập 4. P. Cầm Thủy -|||Tp. Cẩm Phá - Quảng Ninh|||ĐT: 0858.931 931|||13/08/2020 - 20: 32|||Cộng tiền hàng:|||35,000"
mcocr_val_145114yeyft.jpg,0.7503383635814433,Vietcombank|||VGR VINMART.4487 UMONH|||18-05/2020
mcocr_val_145115szcuq.jpg,0.9646919303640595,"MINIMART ANAN|||Chợ Sủi Phú Thị Gia Lâm|||Tổng cộng:|||58,000"
mcocr_val_145115zeprd.jpg,0.9147107826004524,"CỬA HÀNG NĂM OÁNH|||Thôn Phú Thuy, Xã Phú Thị, Huyện Gia Lâm, TP Hà Nội|||0869322496-02438765210|||Ngày: 12-08-2020|||Cộng tiền hàng|||124,000"
mcocr_val_145115gzvde.jpg,0.7684393283095408,"MINIMART ANAN|||Chợ Sủi Phú Thị Gia Làm|||Tổng tiền:|||132,000"
mcocr_val_145115ksmqh.jpg,0.9216607578483529,Saigon Co. op|||0010000001001|||0010000001001
mcocr_val_145115upgly.jpg,0.8595755586743904,"VM4 QNH Dự án quỹ đất đường sắt|||DA QĐ dọc tuyến ĐS Tổ 3 Khu 2|||VinCommerce|||P. Cảm Sơn, TP. Cảm Phà, T. ON|||Ngày bán: 15/08/2020 10:38|||TỔNG TIỀN PHẢI T.TOÁN|||25,600"
mcocr_val_145115zlcqs.jpg,0.8280727379570096,"MINIMARTANAN|||Chợ Sủi Phú Thị Gia Lâm|||Tổng tiền:|||418,008"
mcocr_val_145115djrgn.jpg,0.6333970485488626,"VM4 NN 1060-1062 Trân Phú|||Số 1080-1062 Đường Trân Phú|||TP. Cảm Phả, Quảng Ninh|||WinCommerce|||Ngày bán: 14/08/2020 21:17|||TỔNG TIỀN PHẢI T.TOÁN|||48,700"
mcocr_val_145115lsmdd.jpg,0.7661605217810222,"CỬA HÀNG NĂM OÁNH|||Thôn Phú Thuy, Xã Phủ Thị, Huyện Gia Lâm, TP Hà Nội|||0869322496-02438765210|||Ngày: 10-08-2020|||Cộng tiền hàng|||62,000"
mcocr_val_145115vmqbx.jpg,0.5922759702449898,NHÀ SÁCH GD-TC CẨM PHẢN|||Đo: 212 Đường Trấn Phú-Cẩm Phả|||ĐT 0333863328 - Fax 0333863328|||Thời gian:15:35:45 - 14/08/2020|||Tổng số thanh toán.|||245.000đ
mcocr_val_145115cfxhw.jpg,0.5778752411438071,Pay?o:|||13/08/2000 12:41.48|||TẠI QUẦY|||620.000 Đ
mcocr_val_145115dztjo.jpg,0.9871586445813886,"VM TONH TỔ 7, KHU MINH TIÊN A|||Tổ 7, Khu Minh Tiến A|||P. Cẩm Bình, TP. Câm Phả, QNH|||Vincommerce|||Ngày bán: 14/08/2020 12:08|||TỔNG TIỀN PHẢI T.TOÁN|||20,000"
mcocr_val_145115addwh.jpg,0.8262727669325547,"VINH 6NH 600 Trần Phú|||Só 690 Trần Phú, P. Càm Thuy|||TP. Cảm Phả, Quảng Ninh|||Vincommerce|||Ngày bán: 14/08/2020 10:05|||TỔNG TIỀN PHẢI T.TOÁN|||45,500"
mcocr_val_145114tzwwz.jpg,0.9348688507394854,"MINIMART ANAN|||Chợ Sủi Phú Thị Gia Lâm|||Tổng cộng:|||90,000"
mcocr_val_145115qkbbq.jpg,0.9267981981250637,"MINIMART ANAN|||Tổng tiền:|||159,000"
mcocr_val_145115jeqsk.jpg,0.7098679048716525,"Saigon Co.op|||Ma so thue: 0309129418?115|||Tang 1,5H42 - Toa K3,Cong trinh chung cu|||Ngay 20/09/2019|||Tong so tien thanh toan:|||24,500,00"
mcocr_val_145115hjkdl.jpg,0.6229832242324386,"MMA NHI Dư Án QUY ĐÂT ĐƯỜNG SAI|||ĐA CH CHU THUYÊN Đ5 TO THN V|||The chm San TP. Câm Phả, T. GN|||YinCommerce|||Ngày bán: 15/08/2020 10:17|||TỔNG TIỀN PHẢI T.TOÁN|||12,000"
mcocr_val_145115hkbzp.jpg,0.8983351538429527,"VIM4 QNH TỔ 8 Khu 3B Cầm Trung|||Tổ 8, Khu 3B, P. Cảm Trung|||Vincommerce|||TP. Cảm Pha, T. Quảng Ninh|||Ngày bán: 15/08/2020 11:15|||TỔNG TIỀN PHẢI T.TOÁN|||62,300"
mcocr_val_145114uwzzt.jpg,0.5973424602593307,"VM Mỹ Đình|||Tầng 1, nhà CTS,KĐT Mỹ Đình|||P. Mễ Trì, Q, Nam Từ Liêm, HN|||Ngày bán: 18/08/2020 19:06|||TỔNG TIỀN PHẢI T.TOÁN|||157,471"
mcocr_val_145115capyt.jpg,0.6981467280329741,"MINIMART ANAN|||Tổng tiền:|||235,008"
mcocr_val_145115deeje.jpg,0.6338918905621312,"SIỆU THỊ MINH LOAN|||TTI 1010191002010|||01:0919331975|||04/07/2020 19:57:38|||Tổng tiền hàng:|||193,600"
mcocr_val_145115fkifm.jpg,0.8072976474517475,"NGUYỄN HONG THỊ THỊ THỊ THO NGUY 9989|||IVI DỆN NÌH YA HOYHM ẠNO NP WYI|||Mep owes uly71m penss, oq lum xel|||Kebu BuoJ7 upp poy 4gnx 140"
mcocr_val_145115xekbq.jpg,0.754726494868918,"VIN4 ONH TÔ 7, KHU MINH TIẾN A|||Tô 7, Khu Minh Tiến A|||Vincommerce|||P. Cấm Bình, TP. Cầm Phả, QNH|||Ngày bán: 14/08/2020 09:20|||TỔNG TIỀN PHẢI T.TOÁN|||30,952"
mcocr_val_145115thtzv.jpg,0.6182893288277187,"MINIMART ANAN|||Chợ Sủi Phú Thị Gia Lâm|||Tổng cộng:|||107,000"
mcocr_val_145114qcosd.jpg,0.6603749254242999,"Vi tho tho thu nhi tiến|||Tổ 7 Khu Minh Tiên A|||Phần Bình, TP. Cam Pha, Viên the trinh"
mcocr_val_145115oycsy.jpg,0.8243308345569249,"PHỐ MỎ|||Tổ 7 khu Tân Lập 4 - P.Cẩm Thủy -|||Tp. Cẩm Phá - Quảng Ninh|||ĐT: 0858.931.931|||13/08/2020 - 20: 01|||Cộng tiền hàng:|||90,000"
mcocr_val_145115hunyr.jpg,0.5864429542473117,"VM QNH TỎ 7, KHU MINH TIẾN A|||Tổ 7, Khu Minh Tiến A|||Vincommerce|||P. Cẩm Bình, TP. Cấm Pha, ONH|||Ngày bán: 14/08/2020 20:07|||TỔNG TIỀN PHẢI T.TOÁN|||55,500"
mcocr_val_145114otgoc.jpg,0.8207692687561363,"Viên cách tô 1, khu thu nguai thu thu thu thu thu thu thu thu thu thu thu thu thu thu thu thu thu thu thu thu thu thu thu thu thu|||107. Tran Minh Tiên A|||Chi Thu Trung TP. Cia Hu, Cam|||VinCommerce|||Ngày bản: 13/08/2020 15:03|||TỔNG TIỀN PHẢI T.TOÁN|||7,800"
mcocr_val_145115xhlou.jpg,0.650819254018268,NHÀ SÁCH GD-TC CẨM PHẢ|||Đo: 212 Đường Trần Phú-Cẩm Phả|||ĐT 0333863328-- Fax 0333863328|||Thời gian:17:17:16 - 07/08/2020|||Tổng số thanh toán:|||5.000đ
mcocr_val_145115uvyfd.jpg,0.9355075530985508,"MINIMART ANAN|||Chợ Sủi Phú Thị Gia Lâm|||Tổng tiền:|||62,000"
mcocr_val_145115npqic.jpg,0.7790148956505715,"VM4 QNH TÔ 7, KHU MINH TIỀN KHÁ|||Tô 7, Khu Minh Tiến A|||VinCommerce|||P. Cầm Bình, TP. Cảm Pha, ONH|||TỔNG TIỀN PHẢI T.TOÁN|||49,500"
mcocr_val_145115mjlgc.jpg,0.8410804846371929,"VM - QNH Dự án KDC lấn biển cọc 6|||DA khu DCLB cọc 6, P. Cảm Sơn|||InCommerce|||TP. Cầm Phà, T. Quảng Ninh|||TỔNG TIỀN PHẢI T.TOÁN|||29,000"
mcocr_val_145115icpqa.jpg,0.7439426028110665,"VIN4 ANH TỔ 7, Khu Minh Tiến A|||Tổ 7, Khu Minh Tiền A|||Vincommerce|||19 P. Cẩm Bình, TP. Cầm Pha, ONH|||Ngày: 14/08/2020"
mcocr_val_145115wnvtr.jpg,0.9363670378559323,"VIN- ONH 500 Trần Phú|||Số 500 Trần Phu, P. Câm Thúy|||Vincommerce|||PP. Cảm Phả, Quảng Ninh|||TỔNG TIỀN Ả GIẢM|||20,800"
mcocr_val_145115rzqdb.jpg,0.7343074037190893,"Tiêm trà|||244/23a Huỳnh Văn Bánh, P.11, Qupn|||Tel:0888212505|||04.10.2020 09.57|||Tổng tiền (VAT):|||113 000"
mcocr_val_145115scqcn.jpg,0.7190593447541598,"VIA- ONH TỔ 7, Khu Minh Tiến A|||Tô 7, Khu Minh Tiên A|||Vincommerce|||P. Cầm Bình, TP. Cảm Pha, CHH|||TỔNG TIỀN Ả GIẢM|||103,235"
mcocr_val_145115prqdp.jpg,0.827286771995217,"MINIMART ANAN|||Chợ Sủi Phú Thị Gia Làm|||Tổng cộng:|||22,000"
mcocr_val_145115ibwgn.jpg,0.7782687247032775,"Maro thue: 03091294187119|||Tano 1.5442 - Toa K3, Cong trinh chung|||ket hop dich vu tren o dat thuon|||Du an Dau tu xay dung Khu nha dang|||Ngay 12/06/2019|||Tong so tien thanh toan:|||25,056,00"
mcocr_val_145115voxmg.jpg,0.914958868627357,NHÀ SÁCH GD-TC CẨM PHẢ|||Đó 212 Đường Trần Phơ Câm Phá|||03003003303328.000|||Tổng số thanh toán:|||251.000đ
mcocr_val_145115fqwje.jpg,0.8261846285421829,"VM4 QNH Dự án quỹ đất đường sắt|||DA QĐ dọc tuyến ĐS Tổ 3 Khu 2|||Vincommerce|||P. Cảm Sơn, TP. Càm Phà, T. AN|||Ngày bán: 14/08/2020 20:11|||TỔNG TIỀN PHẢI T.TOÁN|||322,800"
mcocr_val_145115hjpun.jpg,0.913144778235957,"VINH QNH TỔ 7, KHU MINH TIẾN A|||Tô 7, Khu Minh Tiến A|||Vincommerce|||P. Cẩm Bình, TP. Cảm Pha, QNH"
mcocr_val_145115hojip.jpg,0.7778687382439186,"VM TONH 86 Trần Phú|||Cho Thần Trần Phú, P. Cầm lay|||TP Cầm Pha, T. Quảng Ninh|||InCommerce"
mcocr_val_145115wiieg.jpg,0.5130829961126067,"VM4 QNH TỔ 8 Khu 3B Cảm Trung|||Tổ 8, Khu 3B, P. Cảm Trung|||Vincommerce|||TP. Cảm Phà, T. Quảng Ninh|||Ngày bán: 15/08/2020 10:40|||TỔNG TIỀN PHẢI T.TOÁN|||66,500"
mcocr_val_145115bxrpi.jpg,0.9854294758958294,"VM4 QNH 1060-1062 Trần Phú|||Số 1080-1082 Đường Trần Phú|||Mincommerce|||TP. Cảm Phà, Quảng Ninh|||Ngày bán: 15/08/2020 07:47|||TỔNG TIỀN PHẢI T.TOÁN|||14,208"
mcocr_val_145114ledwd.jpg,0.6765567188369797,"Viên Viên Dự án KDC lần biển cọc b|||3 DA Khu DCLB cọc 8, P. Câm Sơn|||TP. Cầm Phả, T, Quảng Ninh|||Ngày bán: 12/08/2020 17:08|||TỔNG TIỀN PHẢI T.TOÁN|||12,000"
mcocr_val_145115hwtgl.jpg,0.9669923853038541,"CỬA HÀNG NĂM OÁNH|||Thành Dhi Thuy Xã Phí Thi Huyên Gia Lam, Trong Nhi|||0869322496-02438765210|||Ngày: 11-08-2020|||Cộng tiền hàng|||9,000"
mcocr_val_145115lkwqh.jpg,0.6785567105769947,"MINIMARTANAN|||Chợ Sủi Phú Thị Gia Lâm|||Tổng tiền:|||113,000"
mcocr_val_145115pqmli.jpg,0.5962075397705853,"MINIMARTANAN|||Chợ Sủi Phú Thị Gia Lâm|||Tổng cộng:|||22,000"
mcocr_val_145115limjy.jpg,0.9908197245733361,"VM - QNH Dự án KDC lấn biên cọc 6|||DA khu DCLB cọc 8, P. Cảm Sơn|||VinCommerce|||TP. Cảm Phà, T. Quảng Ninh|||Ngày bán: 14/08/2020 21:32|||TỔNG TIỀN PHẢI T.TOÁN|||132,000"
